volume;open;high;low;close;datetime
34089;0.007105;0.007297;0.006662;0.006732;01.07.2025 08:30
24682;0.007277;0.007477;0.0071;0.007161;01.07.2025 08:31
42846;0.007436;0.008273;0.007271;0.007275;01.07.2025 08:32
27205;0.007607;0.008073;0.007349;0.00742;01.07.2025 08:33
13600;0.007602;0.007718;0.00753;0.007585;01.07.2025 08:34
15288;0.007416;0.007609;0.0073;0.0076;01.07.2025 08:35
10703;0.0074;0.00747;0.007346;0.007416;01.07.2025 08:36
12317;0.007306;0.007419;0.0072;0.007366;01.07.2025 08:37
8613;0.007449;0.007512;0.0073;0.007305;01.07.2025 08:38
8973;0.007499;0.0075;0.007428;0.00749;01.07.2025 08:39
6173;0.007383;0.007555;0.00737;0.007499;01.07.2025 08:40
3878;0.007328;0.007409;0.007328;0.007383;01.07.2025 08:41
4241;0.00731;0.007356;0.007308;0.007328;01.07.2025 08:42
3903;0.007349;0.007368;0.00731;0.007311;01.07.2025 08:43
4586;0.007319;0.007428;0.007318;0.007341;01.07.2025 08:44
2760;0.007357;0.007387;0.007321;0.00733;01.07.2025 08:45
5362;0.007498;0.0075;0.007351;0.007369;01.07.2025 08:46
3870;0.007464;0.007563;0.007429;0.007481;01.07.2025 08:47
4118;0.007441;0.007489;0.007422;0.007464;01.07.2025 08:48
2677;0.007449;0.007487;0.007436;0.007452;01.07.2025 08:49
4138;0.007393;0.007449;0.00738;0.007449;01.07.2025 08:50
960;0.007383;0.007416;0.007379;0.0074;01.07.2025 08:51
1132;0.007321;0.007386;0.007317;0.007382;01.07.2025 08:52
3158;0.007339;0.00735;0.007256;0.007321;01.07.2025 08:53
417;0.007317;0.007339;0.00731;0.007339;01.07.2025 08:54
1425;0.007385;0.007452;0.007313;0.007317;01.07.2025 08:55
516;0.007371;0.007416;0.007336;0.007409;01.07.2025 08:56
1243;0.007383;0.00742;0.007372;0.007372;01.07.2025 08:57
1442;0.00733;0.0074;0.00733;0.007383;01.07.2025 08:58
883;0.007331;0.007361;0.007325;0.007326;01.07.2025 08:59
788;0.007329;0.007366;0.007316;0.007342;01.07.2025 09:00
1762;0.007308;0.007329;0.007289;0.007329;01.07.2025 09:01
2108;0.007289;0.007325;0.007266;0.007308;01.07.2025 09:02
12417;0.007455;0.0077;0.007257;0.007273;01.07.2025 09:03
11015;0.007667;0.00785;0.007412;0.007455;01.07.2025 09:04
15050;0.007922;0.007982;0.007646;0.00767;01.07.2025 09:05
7943;0.007839;0.007955;0.007771;0.007922;01.07.2025 09:06
4244;0.007839;0.00786;0.007753;0.007839;01.07.2025 09:07
3966;0.007764;0.00784;0.007625;0.007839;01.07.2025 09:08
2460;0.007764;0.007772;0.007632;0.007768;01.07.2025 09:09
859;0.007712;0.007771;0.007702;0.007765;01.07.2025 09:10
620;0.00772;0.007741;0.007694;0.007739;01.07.2025 09:11
1221;0.007725;0.007741;0.007643;0.00772;01.07.2025 09:12
240;0.007705;0.007705;0.007674;0.007704;01.07.2025 09:13
792;0.00767;0.007706;0.00765;0.007705;01.07.2025 09:14
1846;0.007786;0.007786;0.007699;0.007704;01.07.2025 09:15
3941;0.007848;0.007889;0.007753;0.007763;01.07.2025 09:16
1403;0.007883;0.007922;0.007848;0.00786;01.07.2025 09:17
3966;0.007992;0.008039;0.007892;0.0079;01.07.2025 09:18
4058;0.008096;0.008115;0.007992;0.008002;01.07.2025 09:19
2309;0.008152;0.008153;0.008076;0.008093;01.07.2025 09:20
1130;0.008107;0.008152;0.008096;0.008151;01.07.2025 09:21
1246;0.008138;0.008139;0.00811;0.00813;01.07.2025 09:22
2020;0.008125;0.00815;0.0081;0.008137;01.07.2025 09:23
1783;0.008099;0.008125;0.00806;0.008125;01.07.2025 09:24
4824;0.00796;0.008099;0.007835;0.008078;01.07.2025 09:25
684;0.007956;0.007976;0.007931;0.007956;01.07.2025 09:26
2943;0.007992;0.008009;0.007899;0.007956;01.07.2025 09:27
1000;0.007971;0.008004;0.007952;0.007987;01.07.2025 09:28
526;0.007968;0.007971;0.007932;0.007952;01.07.2025 09:29
187;0.007922;0.007966;0.007922;0.007964;01.07.2025 09:30
197;0.007917;0.007944;0.007905;0.007944;01.07.2025 09:31
1033;0.007827;0.007917;0.00778;0.007916;01.07.2025 09:32
1146;0.007826;0.00785;0.007791;0.00785;01.07.2025 09:33
1606;0.007767;0.007837;0.007722;0.007828;01.07.2025 09:34
1294;0.007799;0.007799;0.007729;0.007754;01.07.2025 09:35
2553;0.007792;0.007794;0.007711;0.007794;01.07.2025 09:36
447;0.00774;0.007776;0.00774;0.007776;01.07.2025 09:37
1257;0.007776;0.007802;0.007745;0.007749;01.07.2025 09:38
611;0.007817;0.007817;0.007779;0.007779;01.07.2025 09:39
378;0.007769;0.007813;0.007769;0.007788;01.07.2025 09:40
770;0.00776;0.00777;0.007752;0.007752;01.07.2025 09:41
877;0.007784;0.007792;0.007767;0.00777;01.07.2025 09:42
1043;0.007798;0.007837;0.007798;0.007809;01.07.2025 09:43
939;0.007859;0.007873;0.007801;0.00783;01.07.2025 09:44
85;0.007871;0.007883;0.007851;0.007859;01.07.2025 09:45
347;0.007871;0.007893;0.007871;0.007884;01.07.2025 09:46
272;0.007858;0.00786;0.007858;0.00786;01.07.2025 09:47
579;0.007855;0.00786;0.007848;0.00786;01.07.2025 09:48
1202;0.007943;0.007943;0.007871;0.007871;01.07.2025 09:49
1455;0.00799;0.008009;0.00793;0.007944;01.07.2025 09:50
1298;0.008012;0.008037;0.007996;0.008;01.07.2025 09:51
865;0.008026;0.00804;0.008002;0.008005;01.07.2025 09:52
559;0.007999;0.008026;0.007993;0.008026;01.07.2025 09:53
1548;0.008009;0.00802;0.007974;0.008015;01.07.2025 09:54
797;0.007982;0.008013;0.007945;0.008012;01.07.2025 09:55
321;0.00799;0.008002;0.007974;0.008001;01.07.2025 09:56
623;0.007979;0.00799;0.007955;0.00799;01.07.2025 09:57
578;0.007949;0.007971;0.007949;0.00796;01.07.2025 09:58
214;0.007965;0.00797;0.00795;0.00795;01.07.2025 09:59
2443;0.00789;0.007974;0.007832;0.007974;01.07.2025 10:00
665;0.007929;0.00793;0.007888;0.007896;01.07.2025 10:01
110;0.007898;0.007929;0.007898;0.007929;01.07.2025 10:02
23;0.007898;0.007898;0.007888;0.007888;01.07.2025 10:03
343;0.0079;0.0079;0.007883;0.007898;01.07.2025 10:04
324;0.00787;0.007883;0.00787;0.007883;01.07.2025 10:05
395;0.007849;0.007863;0.007846;0.00786;01.07.2025 10:06
386;0.007845;0.007848;0.00783;0.007848;01.07.2025 10:07
552;0.007843;0.007846;0.007826;0.00783;01.07.2025 10:08
243;0.007832;0.007842;0.007823;0.007842;01.07.2025 10:09
534;0.007803;0.007828;0.007797;0.007822;01.07.2025 10:10
419;0.007828;0.007828;0.007803;0.007803;01.07.2025 10:11
110;0.007803;0.00781;0.007803;0.00781;01.07.2025 10:12
154;0.007818;0.007819;0.0078;0.007812;01.07.2025 10:13
321;0.00777;0.007801;0.00777;0.007801;01.07.2025 10:14
330;0.007776;0.00779;0.00777;0.007789;01.07.2025 10:15
537;0.007733;0.007769;0.007731;0.007769;01.07.2025 10:16
495;0.007747;0.007763;0.007747;0.007754;01.07.2025 10:17
320;0.007775;0.007775;0.00776;0.007761;01.07.2025 10:18
460;0.007806;0.007809;0.007771;0.007771;01.07.2025 10:19
689;0.007841;0.007845;0.007791;0.007803;01.07.2025 10:20
544;0.007842;0.007864;0.007835;0.007841;01.07.2025 10:21
194;0.007869;0.007887;0.00785;0.00785;01.07.2025 10:22
327;0.007888;0.007888;0.007868;0.007868;01.07.2025 10:23
1054;0.00785;0.007864;0.007785;0.007864;01.07.2025 10:24
203;0.007878;0.007889;0.00785;0.00785;01.07.2025 10:25
430;0.007916;0.007919;0.007876;0.007878;01.07.2025 10:26
628;0.00794;0.007961;0.007902;0.007919;01.07.2025 10:27
1096;0.007957;0.007988;0.007935;0.007945;01.07.2025 10:28
1331;0.007999;0.008032;0.00797;0.00797;01.07.2025 10:29
1014;0.008057;0.008085;0.008012;0.008012;01.07.2025 10:30
352;0.008093;0.008099;0.008059;0.008059;01.07.2025 10:31
1323;0.008105;0.008116;0.008089;0.008093;01.07.2025 10:32
646;0.008072;0.008104;0.008072;0.008088;01.07.2025 10:33
941;0.0081;0.0081;0.008071;0.008073;01.07.2025 10:34
342;0.008105;0.008113;0.00808;0.0081;01.07.2025 10:35
889;0.00803;0.008106;0.00803;0.008079;01.07.2025 10:36
1012;0.008046;0.008078;0.008033;0.008066;01.07.2025 10:37
934;0.008047;0.008063;0.008012;0.008047;01.07.2025 10:38
1334;0.008088;0.008088;0.008035;0.008052;01.07.2025 10:39
81;0.00808;0.008088;0.008057;0.008087;01.07.2025 10:40
259;0.008067;0.008068;0.008053;0.008053;01.07.2025 10:41
209;0.008036;0.008074;0.008036;0.008067;01.07.2025 10:42
214;0.008056;0.00807;0.008056;0.008056;01.07.2025 10:43
298;0.008023;0.008054;0.008023;0.008054;01.07.2025 10:44
278;0.008008;0.008023;0.007984;0.008023;01.07.2025 10:45
351;0.007998;0.008012;0.007973;0.008008;01.07.2025 10:46
400;0.007988;0.007998;0.00796;0.00797;01.07.2025 10:47
265;0.007987;0.007987;0.007958;0.007972;01.07.2025 10:48
704;0.007946;0.007981;0.007889;0.007962;01.07.2025 10:49
356;0.007924;0.007954;0.007922;0.007954;01.07.2025 10:50
647;0.007904;0.007938;0.007899;0.007932;01.07.2025 10:51
231;0.007904;0.007917;0.007899;0.007917;01.07.2025 10:52
26;0.007923;0.007923;0.007899;0.007913;01.07.2025 10:53
256;0.00792;0.007943;0.00792;0.007931;01.07.2025 10:54
550;0.007924;0.007951;0.007921;0.007928;01.07.2025 10:55
88;0.007917;0.00792;0.007917;0.00792;01.07.2025 10:56
254;0.007893;0.007924;0.007893;0.007924;01.07.2025 10:57
220;0.007886;0.007896;0.007864;0.007884;01.07.2025 10:58
114;0.007872;0.007875;0.007856;0.007875;01.07.2025 10:59
498;0.00787;0.00791;0.007856;0.007856;01.07.2025 11:00
123;0.007855;0.00788;0.007855;0.007864;01.07.2025 11:01
669;0.007922;0.007922;0.007874;0.007874;01.07.2025 11:02
54;0.00789;0.007905;0.007885;0.007905;01.07.2025 11:03
153;0.007848;0.007886;0.007848;0.007886;01.07.2025 11:04
443;0.007821;0.007821;0.007821;0.007821;01.07.2025 11:05
1;0.007821;0.007821;0.007821;0.007821;01.07.2025 11:06
66;0.007838;0.007838;0.007821;0.007821;01.07.2025 11:07
252;0.007874;0.007874;0.007838;0.007838;01.07.2025 11:08
177;0.007851;0.007874;0.007851;0.007874;01.07.2025 11:09
195;0.007839;0.007868;0.007839;0.007851;01.07.2025 11:10
240;0.007803;0.007829;0.007792;0.007829;01.07.2025 11:12
117;0.0078;0.007804;0.007792;0.007803;01.07.2025 11:13
503;0.007773;0.00779;0.007753;0.00779;01.07.2025 11:14
137;0.007767;0.007767;0.007755;0.007755;01.07.2025 11:15
138;0.007766;0.007767;0.00776;0.007767;01.07.2025 11:16
15;0.007772;0.007772;0.007756;0.007756;01.07.2025 11:17
188;0.007797;0.007797;0.007765;0.007771;01.07.2025 11:18
171;0.00778;0.007803;0.00778;0.00778;01.07.2025 11:19
333;0.007815;0.007815;0.007779;0.00778;01.07.2025 11:20
577;0.007812;0.007849;0.007812;0.007812;01.07.2025 11:21
38;0.007809;0.00782;0.007809;0.00781;01.07.2025 11:22
125;0.007777;0.007802;0.007777;0.007802;01.07.2025 11:23
93;0.007777;0.007777;0.007777;0.007777;01.07.2025 11:24
474;0.007776;0.007777;0.007776;0.007777;01.07.2025 11:25
140;0.007771;0.007779;0.007771;0.007779;01.07.2025 11:26
467;0.007759;0.007792;0.007759;0.00777;01.07.2025 11:27
58;0.007761;0.007761;0.007756;0.007759;01.07.2025 11:28
266;0.00777;0.007779;0.007761;0.007774;01.07.2025 11:29
25;0.007764;0.007764;0.007764;0.007764;01.07.2025 11:30
113;0.007763;0.007764;0.007763;0.007764;01.07.2025 11:31
258;0.007753;0.007761;0.007753;0.007761;01.07.2025 11:32
91;0.007753;0.007768;0.007753;0.00776;01.07.2025 11:33
112;0.00775;0.007768;0.00775;0.007753;01.07.2025 11:34
34;0.007755;0.007762;0.00775;0.00775;01.07.2025 11:35
3125;0.007659;0.007755;0.00763;0.007755;01.07.2025 11:36
2438;0.007677;0.007705;0.007618;0.007642;01.07.2025 11:37
1275;0.007679;0.007695;0.007631;0.007676;01.07.2025 11:38
9878;0.00825;0.00825;0.007642;0.007671;01.07.2025 11:39
12269;0.008009;0.008357;0.007887;0.008246;01.07.2025 11:40
3640;0.008;0.0081;0.007935;0.008009;01.07.2025 11:41
2206;0.007995;0.008051;0.007968;0.007992;01.07.2025 11:42
1245;0.007987;0.008014;0.007972;0.007996;01.07.2025 11:43
797;0.007979;0.008002;0.007969;0.007971;01.07.2025 11:44
996;0.00799;0.008014;0.007973;0.007979;01.07.2025 11:45
892;0.007962;0.007969;0.007919;0.007965;01.07.2025 11:46
499;0.00792;0.007953;0.007919;0.007932;01.07.2025 11:47
527;0.007991;0.00802;0.00794;0.00794;01.07.2025 11:48
824;0.007987;0.008041;0.007985;0.008005;01.07.2025 11:49
1024;0.007954;0.007987;0.007948;0.007987;01.07.2025 11:50
18;0.007954;0.007963;0.007954;0.007962;01.07.2025 11:51
147;0.007962;0.007968;0.007954;0.007954;01.07.2025 11:52
50;0.007954;0.007966;0.007954;0.007966;01.07.2025 11:53
92;0.007945;0.007957;0.007945;0.007957;01.07.2025 11:54
495;0.007921;0.007946;0.007921;0.007946;01.07.2025 11:55
210;0.00791;0.00792;0.007904;0.00792;01.07.2025 11:56
177;0.007951;0.007951;0.007908;0.007908;01.07.2025 11:57
67;0.007946;0.007946;0.007923;0.007923;01.07.2025 11:58
749;0.007974;0.007974;0.007942;0.007942;01.07.2025 11:59
71;0.007957;0.007957;0.007957;0.007957;01.07.2025 12:00
166;0.007965;0.007969;0.007944;0.007969;01.07.2025 12:01
730;0.007931;0.007965;0.007931;0.007964;01.07.2025 12:02
225;0.007933;0.007959;0.007933;0.00795;01.07.2025 12:03
147;0.00792;0.007928;0.00792;0.007928;01.07.2025 12:04
45;0.007928;0.007936;0.007928;0.007936;01.07.2025 12:05
69;0.007904;0.007928;0.007904;0.00792;01.07.2025 12:06
642;0.007903;0.007917;0.007879;0.007903;01.07.2025 12:07
646;0.007926;0.007926;0.007915;0.007915;01.07.2025 12:08
152;0.007913;0.007919;0.007907;0.007909;01.07.2025 12:09
140;0.007913;0.007913;0.007912;0.007912;01.07.2025 12:10
16;0.007913;0.007913;0.007912;0.007912;01.07.2025 12:11
17;0.007912;0.007913;0.007899;0.007899;01.07.2025 12:12
184;0.007905;0.007906;0.007893;0.007905;01.07.2025 12:13
79;0.007905;0.007905;0.007898;0.007899;01.07.2025 12:14
234;0.007902;0.007912;0.007902;0.007912;01.07.2025 12:15
645;0.007928;0.007928;0.007894;0.007899;01.07.2025 12:16
180;0.007935;0.007936;0.007928;0.007928;01.07.2025 12:17
2;0.007919;0.007919;0.007919;0.007919;01.07.2025 12:18
138;0.007903;0.007908;0.007903;0.007908;01.07.2025 12:19
416;0.007915;0.007915;0.007906;0.007907;01.07.2025 12:20
32;0.007901;0.007901;0.007901;0.007901;01.07.2025 12:21
141;0.007891;0.007901;0.007879;0.007901;01.07.2025 12:22
1097;0.007866;0.007881;0.00785;0.007881;01.07.2025 12:23
337;0.007845;0.007859;0.007844;0.007856;01.07.2025 12:24
138;0.007841;0.007845;0.007841;0.007845;01.07.2025 12:25
129;0.007827;0.007839;0.007827;0.007839;01.07.2025 12:26
15;0.007828;0.007828;0.007828;0.007828;01.07.2025 12:27
6;0.007836;0.007836;0.007836;0.007836;01.07.2025 12:28
196;0.007834;0.007835;0.007831;0.007831;01.07.2025 12:30
295;0.007833;0.007835;0.007824;0.007835;01.07.2025 12:31
27;0.007831;0.007834;0.007821;0.007834;01.07.2025 12:32
172;0.007825;0.007833;0.007813;0.007832;01.07.2025 12:33
522;0.007809;0.00783;0.007806;0.007813;01.07.2025 12:34
689;0.007833;0.007847;0.007817;0.007824;01.07.2025 12:35
227;0.007832;0.007838;0.007814;0.007814;01.07.2025 12:36
111;0.007847;0.007847;0.00783;0.007843;01.07.2025 12:37
146;0.007821;0.007829;0.007821;0.007829;01.07.2025 12:38
134;0.007832;0.007832;0.007816;0.007816;01.07.2025 12:39
461;0.007919;0.007928;0.007848;0.007848;01.07.2025 12:40
361;0.007917;0.007918;0.007896;0.007917;01.07.2025 12:41
423;0.007914;0.007923;0.007896;0.007897;01.07.2025 12:42
463;0.007937;0.007937;0.007909;0.007909;01.07.2025 12:43
178;0.007917;0.007917;0.007917;0.007917;01.07.2025 12:44
157;0.0079;0.00791;0.0079;0.00791;01.07.2025 12:45
56;0.0079;0.0079;0.0079;0.0079;01.07.2025 12:46
603;0.007904;0.00792;0.007856;0.007901;01.07.2025 12:47
141;0.007896;0.007905;0.007896;0.007905;01.07.2025 12:48
1367;0.007955;0.007972;0.007905;0.007905;01.07.2025 12:49
77;0.007945;0.007958;0.007944;0.007948;01.07.2025 12:50
552;0.007939;0.00795;0.007935;0.00795;01.07.2025 12:51
129;0.007926;0.007926;0.007906;0.007922;01.07.2025 12:52
87;0.007926;0.007932;0.007926;0.007931;01.07.2025 12:54
66;0.007925;0.007927;0.007909;0.007909;01.07.2025 12:55
120;0.007926;0.00794;0.007925;0.007939;01.07.2025 12:56
15;0.007909;0.007927;0.007909;0.007927;01.07.2025 12:57
173;0.007936;0.007936;0.007912;0.007912;01.07.2025 12:58
208;0.007937;0.007953;0.007932;0.007939;01.07.2025 12:59
81;0.007921;0.007946;0.007921;0.007944;01.07.2025 13:00
275;0.007955;0.007955;0.007934;0.007938;01.07.2025 13:01
1040;0.007955;0.007982;0.007935;0.007941;01.07.2025 13:02
1559;0.007972;0.008;0.007956;0.007956;01.07.2025 13:03
324;0.007973;0.007978;0.007967;0.007967;01.07.2025 13:04
740;0.007965;0.007981;0.007965;0.007973;01.07.2025 13:05
581;0.007987;0.007993;0.007958;0.007965;01.07.2025 13:06
1615;0.008019;0.008029;0.007987;0.007988;01.07.2025 13:07
432;0.007969;0.008009;0.00796;0.008009;01.07.2025 13:08
270;0.007929;0.007974;0.007929;0.007965;01.07.2025 13:09
1715;0.007913;0.00794;0.007878;0.00794;01.07.2025 13:10
196;0.007906;0.007924;0.007906;0.007911;01.07.2025 13:11
1321;0.007844;0.00791;0.007835;0.00791;01.07.2025 13:12
1831;0.007892;0.007915;0.007837;0.00785;01.07.2025 13:13
434;0.007859;0.007915;0.007859;0.007915;01.07.2025 13:14
40;0.007861;0.007861;0.007861;0.007861;01.07.2025 13:15
115;0.007857;0.007857;0.007849;0.007849;01.07.2025 13:16
166;0.007902;0.007917;0.007852;0.007852;01.07.2025 13:17
112;0.00788;0.007903;0.00788;0.007903;01.07.2025 13:18
32;0.007888;0.007896;0.007885;0.007885;01.07.2025 13:19
484;0.007875;0.007888;0.007837;0.007888;01.07.2025 13:20
99;0.007852;0.007871;0.007836;0.00787;01.07.2025 13:21
17;0.007853;0.007853;0.007852;0.007852;01.07.2025 13:22
110;0.007867;0.007868;0.007867;0.007867;01.07.2025 13:23
1063;0.007824;0.007857;0.007792;0.007857;01.07.2025 13:24
266;0.007842;0.007859;0.007833;0.007837;01.07.2025 13:25
1074;0.007837;0.007842;0.007812;0.007842;01.07.2025 13:26
448;0.007837;0.007837;0.007837;0.007837;01.07.2025 13:27
1584;0.007846;0.007857;0.007825;0.007825;01.07.2025 13:28
469;0.007847;0.007864;0.007845;0.007845;01.07.2025 13:29
970;0.00792;0.007922;0.007863;0.007863;01.07.2025 13:30
68;0.007896;0.007906;0.00789;0.007893;01.07.2025 13:31
1129;0.007839;0.00789;0.007839;0.00789;01.07.2025 13:32
130;0.007847;0.007847;0.007836;0.007839;01.07.2025 13:33
58;0.007833;0.007847;0.007833;0.007846;01.07.2025 13:35
690;0.007833;0.007838;0.007811;0.007831;01.07.2025 13:36
488;0.007821;0.007821;0.007792;0.007813;01.07.2025 13:37
2194;0.007801;0.007812;0.007788;0.007793;01.07.2025 13:38
277;0.0078;0.007809;0.007798;0.007801;01.07.2025 13:39
2080;0.007799;0.007801;0.007758;0.007799;01.07.2025 13:40
181;0.007827;0.007827;0.0078;0.0078;01.07.2025 13:41
152;0.007805;0.007827;0.007805;0.007827;01.07.2025 13:42
56;0.0078;0.0078;0.007792;0.007796;01.07.2025 13:43
127;0.0078;0.0078;0.007796;0.0078;01.07.2025 13:44
28;0.00781;0.00781;0.007797;0.0078;01.07.2025 13:45
1072;0.00786;0.00786;0.007816;0.007816;01.07.2025 13:46
581;0.007844;0.007856;0.007814;0.007856;01.07.2025 13:47
94;0.007855;0.007855;0.007832;0.007832;01.07.2025 13:48
28;0.007838;0.00785;0.007838;0.00784;01.07.2025 13:49
189;0.00784;0.00784;0.00783;0.00783;01.07.2025 13:50
5;0.007837;0.007838;0.007824;0.007824;01.07.2025 13:51
143;0.00781;0.007823;0.00781;0.00782;01.07.2025 13:52
348;0.007833;0.007833;0.007806;0.00781;01.07.2025 13:53
133;0.007816;0.007828;0.007816;0.007828;01.07.2025 13:54
458;0.007812;0.007833;0.007812;0.007816;01.07.2025 13:55
95;0.00781;0.00781;0.00781;0.00781;01.07.2025 13:56
235;0.007812;0.007812;0.0078;0.007805;01.07.2025 13:57
943;0.007787;0.007801;0.007787;0.007801;01.07.2025 13:58
1074;0.007765;0.00779;0.007765;0.007786;01.07.2025 13:59
767;0.00777;0.0078;0.00777;0.007776;01.07.2025 14:00
383;0.007794;0.007794;0.007776;0.007793;01.07.2025 14:01
560;0.007784;0.007785;0.007776;0.007785;01.07.2025 14:02
240;0.007783;0.007785;0.00777;0.007784;01.07.2025 14:03
1;0.007776;0.007776;0.007776;0.007776;01.07.2025 14:04
528;0.007772;0.007772;0.007755;0.007772;01.07.2025 14:05
988;0.00777;0.007772;0.00776;0.00776;01.07.2025 14:06
992;0.007769;0.00777;0.007756;0.007769;01.07.2025 14:07
693;0.007776;0.007779;0.007769;0.007769;01.07.2025 14:08
518;0.007758;0.007776;0.007758;0.007776;01.07.2025 14:09
2129;0.007742;0.007765;0.007734;0.007765;01.07.2025 14:10
1047;0.00773;0.007747;0.007724;0.007743;01.07.2025 14:11
8093;0.007727;0.00774;0.007683;0.007726;01.07.2025 14:12
2926;0.00772;0.007735;0.007622;0.007716;01.07.2025 14:13
1467;0.007661;0.007707;0.007657;0.007707;01.07.2025 14:14
432;0.007654;0.00768;0.007654;0.007661;01.07.2025 14:15
513;0.007669;0.00768;0.007655;0.007666;01.07.2025 14:16
5111;0.007721;0.00786;0.007672;0.007681;01.07.2025 14:17
372;0.007723;0.007738;0.007699;0.007708;01.07.2025 14:18
42;0.007725;0.007725;0.007712;0.007723;01.07.2025 14:19
496;0.007693;0.007737;0.007689;0.007734;01.07.2025 14:20
1073;0.007679;0.007705;0.007656;0.007693;01.07.2025 14:21
339;0.007694;0.007694;0.007656;0.007674;01.07.2025 14:22
254;0.007689;0.0077;0.007689;0.007699;01.07.2025 14:23
803;0.007692;0.007693;0.007666;0.007689;01.07.2025 14:24
8;0.007691;0.007692;0.007691;0.007692;01.07.2025 14:25
415;0.007678;0.007685;0.007658;0.007668;01.07.2025 14:26
100;0.007657;0.007684;0.007657;0.007678;01.07.2025 14:27
8865;0.007632;0.007693;0.007542;0.007644;01.07.2025 14:28
994;0.007611;0.007643;0.007595;0.007626;01.07.2025 14:29
2218;0.007581;0.007619;0.007505;0.007611;01.07.2025 14:30
516;0.007596;0.007596;0.007557;0.007581;01.07.2025 14:31
165;0.007607;0.007608;0.007595;0.007596;01.07.2025 14:32
58;0.007603;0.007603;0.007587;0.007599;01.07.2025 14:33
227;0.007615;0.007615;0.007597;0.007611;01.07.2025 14:34
43;0.007629;0.007629;0.007609;0.007616;01.07.2025 14:35
124;0.007629;0.007629;0.007624;0.007628;01.07.2025 14:36
132;0.007601;0.007629;0.007601;0.007629;01.07.2025 14:37
222;0.007582;0.007585;0.007568;0.007585;01.07.2025 14:38
856;0.007561;0.007579;0.007537;0.007565;01.07.2025 14:39
361;0.00756;0.007562;0.007537;0.007545;01.07.2025 14:40
8235;0.007512;0.007542;0.007411;0.007541;01.07.2025 14:41
2501;0.007404;0.007513;0.007399;0.007513;01.07.2025 14:42
3041;0.007396;0.007412;0.007322;0.007387;01.07.2025 14:43
2602;0.007422;0.007476;0.007384;0.007416;01.07.2025 14:44
679;0.007469;0.007489;0.007428;0.007428;01.07.2025 14:45
1392;0.00747;0.007524;0.007461;0.007465;01.07.2025 14:46
506;0.007409;0.00747;0.007408;0.007463;01.07.2025 14:47
248;0.007431;0.007439;0.007394;0.007406;01.07.2025 14:48
383;0.00743;0.007447;0.007422;0.007429;01.07.2025 14:49
1233;0.007461;0.00747;0.00743;0.00743;01.07.2025 14:50
580;0.007393;0.00746;0.007393;0.00746;01.07.2025 14:51
516;0.007411;0.00742;0.007393;0.007393;01.07.2025 14:52
1959;0.007354;0.007401;0.007306;0.007401;01.07.2025 14:53
436;0.007427;0.007427;0.007356;0.007368;01.07.2025 14:54
341;0.007428;0.007428;0.007413;0.007427;01.07.2025 14:55
439;0.007438;0.00744;0.007411;0.007435;01.07.2025 14:56
110;0.007438;0.007438;0.007427;0.007427;01.07.2025 14:57
251;0.00743;0.007438;0.007416;0.007438;01.07.2025 14:58
80;0.007424;0.00743;0.007407;0.00743;01.07.2025 14:59
3;0.00742;0.00742;0.00742;0.00742;01.07.2025 15:00
38;0.007415;0.007421;0.007415;0.007416;01.07.2025 15:01
279;0.007408;0.007419;0.007406;0.007415;01.07.2025 15:02
68;0.007396;0.00741;0.007396;0.00741;01.07.2025 15:03
329;0.007411;0.007422;0.007392;0.007392;01.07.2025 15:04
90;0.007411;0.007411;0.007402;0.007411;01.07.2025 15:05
292;0.007411;0.007411;0.007411;0.007411;01.07.2025 15:06
51;0.007386;0.007386;0.00738;0.007385;01.07.2025 15:08
60;0.007387;0.007387;0.00738;0.007386;01.07.2025 15:09
120;0.00739;0.00739;0.007385;0.007388;01.07.2025 15:10
548;0.007347;0.007391;0.007347;0.00739;01.07.2025 15:11
279;0.00738;0.00738;0.00734;0.007348;01.07.2025 15:12
33;0.007379;0.007387;0.007361;0.007361;01.07.2025 15:13
26;0.007395;0.007395;0.007384;0.007384;01.07.2025 15:14
28;0.0074;0.0074;0.007395;0.007395;01.07.2025 15:15
230;0.007417;0.007427;0.007405;0.007412;01.07.2025 15:16
162;0.007416;0.007434;0.007402;0.007402;01.07.2025 15:17
297;0.007446;0.007446;0.007406;0.007416;01.07.2025 15:18
107;0.007442;0.007443;0.007421;0.007421;01.07.2025 15:19
104;0.007422;0.007438;0.007422;0.007438;01.07.2025 15:20
106;0.007443;0.007443;0.007415;0.007415;01.07.2025 15:21
825;0.00748;0.007533;0.007443;0.007443;01.07.2025 15:22
1634;0.007542;0.007581;0.007474;0.007475;01.07.2025 15:23
723;0.007562;0.007573;0.007527;0.007537;01.07.2025 15:24
271;0.007604;0.007604;0.007536;0.007536;01.07.2025 15:25
590;0.007552;0.007601;0.007552;0.007588;01.07.2025 15:26
55;0.007578;0.007579;0.007578;0.007579;01.07.2025 15:27
164;0.007541;0.007546;0.007533;0.007541;01.07.2025 15:28
158;0.007524;0.00754;0.00752;0.007539;01.07.2025 15:29
1106;0.007508;0.007523;0.007508;0.007522;01.07.2025 15:30
715;0.007478;0.007513;0.007478;0.0075;01.07.2025 15:31
723;0.007459;0.007486;0.00744;0.007486;01.07.2025 15:32
1277;0.007543;0.007556;0.00745;0.007451;01.07.2025 15:33
47;0.007534;0.007535;0.00753;0.00753;01.07.2025 15:34
30;0.007534;0.007534;0.007534;0.007534;01.07.2025 15:35
271;0.007534;0.007535;0.00753;0.00753;01.07.2025 15:36
45;0.007525;0.007541;0.007525;0.007534;01.07.2025 15:37
212;0.00756;0.00756;0.007556;0.007556;01.07.2025 15:40
743;0.007584;0.007584;0.00756;0.00756;01.07.2025 15:41
686;0.007586;0.007613;0.007577;0.007595;01.07.2025 15:42
206;0.007571;0.007586;0.007563;0.007586;01.07.2025 15:43
5;0.007571;0.007571;0.007571;0.007571;01.07.2025 15:44
46;0.007577;0.007577;0.007576;0.007576;01.07.2025 15:45
78;0.007577;0.007577;0.007572;0.007572;01.07.2025 15:47
31;0.007576;0.007576;0.007576;0.007576;01.07.2025 15:48
588;0.00756;0.007562;0.007517;0.007562;01.07.2025 15:50
59;0.007566;0.007566;0.00756;0.007565;01.07.2025 15:51
61;0.007567;0.007567;0.00755;0.007566;01.07.2025 15:52
199;0.007579;0.007579;0.007568;0.007568;01.07.2025 15:53
1;0.007579;0.007579;0.007579;0.007579;01.07.2025 15:54
33;0.007574;0.007585;0.007561;0.007561;01.07.2025 15:55
938;0.007529;0.007562;0.007525;0.007562;01.07.2025 15:56
30;0.007533;0.007533;0.007524;0.007524;01.07.2025 15:57
2;0.007514;0.007516;0.007514;0.007516;01.07.2025 15:58
149;0.007497;0.007514;0.007497;0.007506;01.07.2025 15:59
8;0.007509;0.007509;0.007506;0.007506;01.07.2025 16:00
12;0.007509;0.007509;0.007495;0.007495;01.07.2025 16:01
33;0.007514;0.007514;0.007502;0.007502;01.07.2025 16:02
85;0.007485;0.007505;0.007485;0.007505;01.07.2025 16:03
224;0.007477;0.007485;0.007473;0.007485;01.07.2025 16:06
1;0.007497;0.007497;0.007497;0.007497;01.07.2025 16:08
122;0.007488;0.007488;0.00748;0.00748;01.07.2025 16:12
109;0.007482;0.007482;0.00748;0.00748;01.07.2025 16:13
30;0.007475;0.007483;0.007475;0.007483;01.07.2025 16:14
10;0.007476;0.007476;0.007466;0.007466;01.07.2025 16:15
115;0.007478;0.007478;0.00746;0.007475;01.07.2025 16:17
1;0.007479;0.007479;0.007479;0.007479;01.07.2025 16:18
134;0.007456;0.00747;0.007451;0.007456;01.07.2025 16:20
94;0.007472;0.007472;0.007456;0.007471;01.07.2025 16:21
17;0.007461;0.007472;0.007461;0.007472;01.07.2025 16:22
51;0.007476;0.007477;0.007461;0.007461;01.07.2025 16:23
29;0.007485;0.007488;0.007485;0.007486;01.07.2025 16:24
39;0.007485;0.007485;0.007485;0.007485;01.07.2025 16:25
680;0.007489;0.007489;0.007482;0.007482;01.07.2025 16:26
7;0.007489;0.007489;0.007489;0.007489;01.07.2025 16:27
740;0.007567;0.007596;0.007488;0.007488;01.07.2025 16:28
313;0.00759;0.00759;0.007567;0.007572;01.07.2025 16:29
92;0.007594;0.007594;0.007588;0.007588;01.07.2025 16:31
141;0.007571;0.007578;0.007562;0.007562;01.07.2025 16:32
19;0.007579;0.007579;0.007579;0.007579;01.07.2025 16:33
51;0.007569;0.007569;0.007566;0.007566;01.07.2025 16:35
237;0.007539;0.007569;0.007539;0.007564;01.07.2025 16:38
14;0.007525;0.007529;0.007525;0.007529;01.07.2025 16:39
7;0.007523;0.007524;0.007523;0.007524;01.07.2025 16:42
11;0.007523;0.007523;0.007523;0.007523;01.07.2025 16:43
187;0.007555;0.007555;0.007539;0.007539;01.07.2025 16:44
192;0.007565;0.007576;0.00756;0.00756;01.07.2025 16:45
7;0.007554;0.007576;0.007554;0.007576;01.07.2025 16:46
30;0.007554;0.007575;0.007554;0.007575;01.07.2025 16:47
40;0.007553;0.007561;0.007553;0.007554;01.07.2025 16:48
118;0.007552;0.007553;0.007552;0.007553;01.07.2025 16:49
90;0.00754;0.007553;0.00754;0.007552;01.07.2025 16:50
6;0.00755;0.00755;0.00755;0.00755;01.07.2025 16:51
45;0.007553;0.007553;0.007549;0.007549;01.07.2025 16:52
42;0.007566;0.007566;0.007553;0.007553;01.07.2025 16:53
20;0.007572;0.007572;0.007572;0.007572;01.07.2025 16:58
4;0.007568;0.007568;0.007568;0.007568;01.07.2025 16:59
12;0.007578;0.007578;0.007578;0.007578;01.07.2025 17:00
6;0.007552;0.007552;0.007552;0.007552;01.07.2025 17:05
196;0.007575;0.007575;0.007562;0.007562;01.07.2025 17:06
169;0.007575;0.007575;0.00757;0.00757;01.07.2025 17:08
3;0.007581;0.007581;0.007581;0.007581;01.07.2025 17:09
2;0.00759;0.00759;0.00759;0.00759;01.07.2025 17:12
121;0.007582;0.007582;0.007562;0.007572;01.07.2025 17:14
53;0.007547;0.007547;0.007547;0.007547;01.07.2025 17:15
462;0.007538;0.007548;0.007536;0.007548;01.07.2025 17:16
2;0.007555;0.007555;0.007539;0.007539;01.07.2025 17:17
66;0.007556;0.007556;0.007529;0.007533;01.07.2025 17:21
69;0.007562;0.007562;0.007559;0.007559;01.07.2025 17:22
43;0.007559;0.007559;0.007556;0.007556;01.07.2025 17:26
6;0.007539;0.007539;0.007539;0.007539;01.07.2025 17:27
1;0.007535;0.007535;0.007535;0.007535;01.07.2025 17:29
36;0.007535;0.007535;0.007535;0.007535;01.07.2025 17:34
188;0.007505;0.007524;0.007505;0.007524;01.07.2025 17:36
15;0.007504;0.007504;0.007494;0.0075;01.07.2025 17:38
19;0.007481;0.007488;0.007481;0.007488;01.07.2025 17:39
86;0.007497;0.007497;0.007477;0.007477;01.07.2025 17:40
228;0.007485;0.007485;0.00747;0.007478;01.07.2025 17:41
42;0.007481;0.007481;0.007461;0.007463;01.07.2025 17:43
9;0.007463;0.007463;0.007463;0.007463;01.07.2025 17:44
1;0.007483;0.007483;0.007483;0.007483;01.07.2025 17:45
25;0.007481;0.007481;0.007469;0.007469;01.07.2025 17:48
6;0.00748;0.00748;0.00748;0.00748;01.07.2025 17:50
1;0.00748;0.00748;0.00748;0.00748;01.07.2025 17:51
102;0.00746;0.007482;0.00746;0.00748;01.07.2025 17:52
722;0.00745;0.007467;0.00745;0.007467;01.07.2025 17:57
45;0.007461;0.007461;0.007461;0.007461;01.07.2025 17:58
9;0.007463;0.007463;0.007463;0.007463;01.07.2025 18:00
69;0.007461;0.007461;0.00746;0.00746;01.07.2025 18:01
32;0.00742;0.007449;0.00742;0.007449;01.07.2025 18:02
225;0.00739;0.007416;0.007388;0.007416;01.07.2025 18:03
151;0.007373;0.007387;0.007351;0.007387;01.07.2025 18:06
69;0.007364;0.007364;0.007364;0.007364;01.07.2025 18:07
60;0.007354;0.007364;0.007354;0.007364;01.07.2025 18:09
77;0.007359;0.007359;0.007346;0.007354;01.07.2025 18:11
123;0.007349;0.007358;0.007338;0.007358;01.07.2025 18:14
17;0.007355;0.007355;0.007339;0.007339;01.07.2025 18:15
475;0.007336;0.007355;0.007313;0.007355;01.07.2025 18:16
389;0.007307;0.007333;0.007307;0.007328;01.07.2025 18:17
50;0.007314;0.007315;0.007314;0.007315;01.07.2025 18:22
7;0.007321;0.007321;0.007321;0.007321;01.07.2025 18:23
4;0.007322;0.007322;0.007322;0.007322;01.07.2025 18:24
50;0.007311;0.007313;0.007311;0.007313;01.07.2025 18:25
32;0.007322;0.007322;0.007321;0.007321;01.07.2025 18:26
761;0.0073;0.007314;0.0073;0.007312;01.07.2025 18:27
243;0.007291;0.007304;0.00729;0.007302;01.07.2025 18:28
19;0.007303;0.007303;0.00729;0.007291;01.07.2025 18:29
589;0.007279;0.007304;0.007266;0.007303;01.07.2025 18:30
244;0.007308;0.007308;0.007284;0.007284;01.07.2025 18:31
178;0.00727;0.007289;0.00727;0.007289;01.07.2025 18:32
239;0.007301;0.007301;0.00727;0.00727;01.07.2025 18:33
41;0.0073;0.0073;0.007295;0.007295;01.07.2025 18:34
148;0.007311;0.007311;0.007306;0.007306;01.07.2025 18:35
23;0.007292;0.007292;0.007292;0.007292;01.07.2025 18:38
70;0.007298;0.007299;0.007298;0.007299;01.07.2025 18:39
330;0.007279;0.007289;0.007263;0.007272;01.07.2025 18:40
111;0.007288;0.007288;0.007269;0.007269;01.07.2025 18:41
771;0.007325;0.007337;0.007282;0.007282;01.07.2025 18:42
13;0.007304;0.007304;0.007304;0.007304;01.07.2025 18:43
57;0.007306;0.007321;0.007306;0.007321;01.07.2025 18:45
20;0.00731;0.00731;0.007309;0.007309;01.07.2025 18:46
9;0.007297;0.007307;0.007297;0.007307;01.07.2025 18:47
77;0.007268;0.007295;0.007268;0.007295;01.07.2025 18:48
14;0.007283;0.007284;0.007283;0.007284;01.07.2025 18:50
1;0.007285;0.007285;0.007285;0.007285;01.07.2025 18:55
68;0.007288;0.007288;0.007272;0.007272;01.07.2025 18:56
148;0.007274;0.007282;0.007274;0.007281;01.07.2025 18:57
24;0.007269;0.007269;0.007269;0.007269;01.07.2025 18:58
7;0.007269;0.007269;0.007269;0.007269;01.07.2025 18:59
448;0.00726;0.007281;0.00726;0.007281;01.07.2025 19:00
7;0.007276;0.007276;0.007276;0.007276;01.07.2025 19:01
2;0.007272;0.007272;0.007272;0.007272;01.07.2025 19:06
1;0.00726;0.00726;0.00726;0.00726;01.07.2025 19:09
201;0.007266;0.007267;0.007253;0.00726;01.07.2025 19:10
22;0.007271;0.007271;0.007259;0.007267;01.07.2025 19:11
71;0.007266;0.007266;0.007252;0.007259;01.07.2025 19:13
176;0.007253;0.007272;0.00725;0.007251;01.07.2025 19:15
6;0.007271;0.007271;0.007271;0.007271;01.07.2025 19:19
1425;0.007214;0.007259;0.007206;0.007253;01.07.2025 19:22
19;0.007207;0.007215;0.007207;0.007215;01.07.2025 19:23
1269;0.007207;0.007214;0.007191;0.007214;01.07.2025 19:24
838;0.007136;0.007207;0.007128;0.007199;01.07.2025 19:25
350;0.007136;0.007148;0.007103;0.007137;01.07.2025 19:26
209;0.007127;0.007134;0.007112;0.007115;01.07.2025 19:27
72;0.007128;0.007128;0.007112;0.007113;01.07.2025 19:28
233;0.007135;0.00714;0.007119;0.007119;01.07.2025 19:29
350;0.007118;0.007128;0.007103;0.007128;01.07.2025 19:30
306;0.007116;0.007119;0.007102;0.007116;01.07.2025 19:31
123;0.0071;0.007116;0.0071;0.007101;01.07.2025 19:32
255;0.007091;0.007107;0.007091;0.0071;01.07.2025 19:33
280;0.007098;0.00711;0.007097;0.007107;01.07.2025 19:34
248;0.00709;0.007111;0.007086;0.007086;01.07.2025 19:35
102;0.007083;0.007086;0.007083;0.007086;01.07.2025 19:37
100;0.00708;0.007084;0.00708;0.007084;01.07.2025 19:38
6;0.00708;0.00708;0.00708;0.00708;01.07.2025 19:40
187;0.00708;0.007094;0.007079;0.007079;01.07.2025 19:42
57;0.007071;0.007081;0.007071;0.007071;01.07.2025 19:43
354;0.00709;0.007095;0.007068;0.007071;01.07.2025 19:44
431;0.007111;0.007111;0.007088;0.00709;01.07.2025 19:45
14;0.0071;0.0071;0.007099;0.0071;01.07.2025 19:46
149;0.007087;0.007106;0.007087;0.007098;01.07.2025 19:47
78;0.007095;0.00711;0.007095;0.007096;01.07.2025 19:48
335;0.007108;0.007116;0.007095;0.007097;01.07.2025 19:49
50;0.00713;0.00713;0.00711;0.00711;01.07.2025 19:50
98;0.007137;0.007137;0.00712;0.00712;01.07.2025 19:51
472;0.007141;0.007141;0.007125;0.007129;01.07.2025 19:52
72;0.007138;0.007142;0.007138;0.007142;01.07.2025 19:53
118;0.007143;0.007143;0.007139;0.007139;01.07.2025 19:54
8;0.007127;0.007142;0.007127;0.007142;01.07.2025 19:55
339;0.007125;0.007127;0.007125;0.007127;01.07.2025 19:56
132;0.007101;0.007117;0.007101;0.007107;01.07.2025 19:58
6;0.0071;0.0071;0.0071;0.0071;01.07.2025 19:59
48;0.00707;0.0071;0.00707;0.0071;01.07.2025 20:00
545;0.007068;0.007068;0.007068;0.007068;01.07.2025 20:01
83;0.00707;0.007076;0.007059;0.007065;01.07.2025 20:02
196;0.007069;0.00707;0.007056;0.00706;01.07.2025 20:03
17;0.007072;0.007072;0.007069;0.007069;01.07.2025 20:04
72;0.007057;0.007057;0.007057;0.007057;01.07.2025 20:05
174;0.007075;0.007075;0.007055;0.007057;01.07.2025 20:07
88;0.007055;0.007057;0.007055;0.007057;01.07.2025 20:08
309;0.007036;0.007056;0.007036;0.007056;01.07.2025 20:09
1;0.007036;0.007036;0.007036;0.007036;01.07.2025 20:12
65;0.00703;0.007031;0.007026;0.007031;01.07.2025 20:13
224;0.007045;0.007047;0.007026;0.007027;01.07.2025 20:14
4;0.007043;0.007044;0.007043;0.007044;01.07.2025 20:15
301;0.007042;0.007049;0.007024;0.007041;01.07.2025 20:16
41;0.00703;0.007031;0.007024;0.007024;01.07.2025 20:17
52;0.007026;0.007038;0.007026;0.007038;01.07.2025 20:19
365;0.007026;0.007029;0.007026;0.007026;01.07.2025 20:20
13;0.007041;0.007041;0.007041;0.007041;01.07.2025 20:21
46;0.007026;0.007027;0.007026;0.007027;01.07.2025 20:22
41;0.007026;0.007026;0.007026;0.007026;01.07.2025 20:23
69;0.007036;0.007036;0.007036;0.007036;01.07.2025 20:25
193;0.007034;0.00704;0.007034;0.007034;01.07.2025 20:26
24;0.007026;0.007038;0.007026;0.007037;01.07.2025 20:27
44;0.007037;0.007037;0.007037;0.007037;01.07.2025 20:28
17;0.00703;0.00703;0.007029;0.007029;01.07.2025 20:30
138;0.007039;0.007039;0.007037;0.007037;01.07.2025 20:34
1;0.007026;0.007026;0.007026;0.007026;01.07.2025 20:35
1097;0.007042;0.007074;0.007022;0.007023;01.07.2025 20:36
112;0.00706;0.00706;0.007059;0.007059;01.07.2025 20:37
13;0.007037;0.007045;0.007037;0.007045;01.07.2025 20:38
37;0.007042;0.007042;0.007042;0.007042;01.07.2025 20:39
63;0.007047;0.007047;0.007036;0.007036;01.07.2025 20:40
79;0.007035;0.007035;0.007035;0.007035;01.07.2025 20:41
6;0.007017;0.007022;0.007017;0.007022;01.07.2025 20:46
7;0.007022;0.007022;0.007022;0.007022;01.07.2025 20:47
84;0.007017;0.00702;0.007017;0.00702;01.07.2025 20:48
75;0.007017;0.007017;0.007017;0.007017;01.07.2025 20:49
1334;0.007;0.007028;0.007;0.007013;01.07.2025 20:50
56;0.006998;0.007003;0.006986;0.007;01.07.2025 20:51
2;0.006997;0.006997;0.006997;0.006997;01.07.2025 20:52
91;0.007005;0.00701;0.006998;0.006999;01.07.2025 20:54
100;0.006985;0.006986;0.006985;0.006986;01.07.2025 20:55
64;0.006997;0.006997;0.006996;0.006996;01.07.2025 20:57
7;0.006998;0.006998;0.006996;0.006996;01.07.2025 20:59
229;0.006989;0.006998;0.006985;0.006998;01.07.2025 21:00
63;0.006985;0.006988;0.006985;0.006986;01.07.2025 21:02
670;0.006976;0.006985;0.006962;0.006985;01.07.2025 21:05
5;0.00696;0.006965;0.00696;0.006965;01.07.2025 21:06
178;0.00696;0.006969;0.00696;0.006961;01.07.2025 21:07
58;0.006958;0.006964;0.006958;0.00696;01.07.2025 21:08
1;0.006965;0.006965;0.006965;0.006965;01.07.2025 21:09
161;0.00697;0.006976;0.006964;0.006964;01.07.2025 21:10
313;0.006982;0.006982;0.00697;0.006971;01.07.2025 21:11
586;0.006971;0.006984;0.006971;0.006983;01.07.2025 21:12
432;0.00697;0.006971;0.00697;0.00697;01.07.2025 21:13
16;0.006956;0.006956;0.006956;0.006956;01.07.2025 21:15
7;0.006956;0.006956;0.006956;0.006956;01.07.2025 21:18
118;0.006967;0.006967;0.006956;0.006959;01.07.2025 21:19
116;0.006964;0.006964;0.006956;0.006956;01.07.2025 21:21
172;0.006969;0.006969;0.00696;0.00696;01.07.2025 21:22
147;0.006951;0.006953;0.006951;0.006953;01.07.2025 21:23
23;0.006953;0.006954;0.006953;0.006954;01.07.2025 21:25
318;0.006965;0.006965;0.006953;0.006954;01.07.2025 21:26
80;0.006951;0.006952;0.006951;0.006952;01.07.2025 21:27
42;0.006955;0.006955;0.006955;0.006955;01.07.2025 21:28
16;0.006955;0.006955;0.006955;0.006955;01.07.2025 21:29
1398;0.00695;0.006955;0.00695;0.006955;01.07.2025 21:31
35;0.006935;0.006949;0.006935;0.006949;01.07.2025 21:32
63;0.006932;0.006934;0.006932;0.006934;01.07.2025 21:34
33;0.006934;0.006937;0.006934;0.006937;01.07.2025 21:35
7;0.006934;0.006934;0.006934;0.006934;01.07.2025 21:36
99;0.00693;0.00693;0.006923;0.006928;01.07.2025 21:39
7;0.006928;0.006928;0.006927;0.006927;01.07.2025 21:40
64;0.006928;0.006928;0.006923;0.006924;01.07.2025 21:41
237;0.006941;0.006941;0.006928;0.006928;01.07.2025 21:42
195;0.006943;0.006943;0.006926;0.006941;01.07.2025 21:44
86;0.006931;0.00695;0.006931;0.006946;01.07.2025 21:45
37;0.006933;0.006933;0.006933;0.006933;01.07.2025 21:46
309;0.006939;0.00695;0.006939;0.006946;01.07.2025 21:48
84;0.006941;0.006944;0.006936;0.006944;01.07.2025 21:49
468;0.006955;0.006975;0.006941;0.006942;01.07.2025 21:50
805;0.006976;0.006988;0.00695;0.006953;01.07.2025 21:51
364;0.006989;0.006989;0.006975;0.006981;01.07.2025 21:52
8;0.006965;0.006984;0.006965;0.006984;01.07.2025 21:53
2;0.006964;0.006964;0.006964;0.006964;01.07.2025 21:55
30;0.006962;0.006963;0.006962;0.006963;01.07.2025 21:56
1;0.006969;0.006969;0.006969;0.006969;01.07.2025 21:57
1;0.006964;0.006964;0.006964;0.006964;01.07.2025 21:59
592;0.006929;0.006972;0.006921;0.006964;01.07.2025 22:00
6;0.006922;0.006929;0.006922;0.006929;01.07.2025 22:01
173;0.006924;0.00693;0.006921;0.00693;01.07.2025 22:02
67;0.006921;0.006929;0.006921;0.006921;01.07.2025 22:03
108;0.006922;0.006929;0.006919;0.00692;01.07.2025 22:04
382;0.00692;0.00693;0.00692;0.006921;01.07.2025 22:05
85;0.006922;0.00693;0.006919;0.006921;01.07.2025 22:06
684;0.00692;0.006925;0.006919;0.006919;01.07.2025 22:07
270;0.006917;0.006919;0.006917;0.006919;01.07.2025 22:09
13;0.006923;0.006923;0.006923;0.006923;01.07.2025 22:11
3;0.006922;0.006922;0.006922;0.006922;01.07.2025 22:12
2850;0.006891;0.006933;0.00686;0.006911;01.07.2025 22:13
821;0.006881;0.006921;0.006881;0.006914;01.07.2025 22:14
322;0.006892;0.006892;0.006875;0.006882;01.07.2025 22:15
84;0.006875;0.00688;0.006873;0.00688;01.07.2025 22:16
161;0.006883;0.006883;0.006871;0.006875;01.07.2025 22:18
53;0.006883;0.006883;0.00688;0.00688;01.07.2025 22:19
258;0.006883;0.006892;0.006883;0.006883;01.07.2025 22:20
122;0.006885;0.006885;0.006871;0.006875;01.07.2025 22:21
31;0.006879;0.006879;0.006876;0.006876;01.07.2025 22:22
55;0.006871;0.006875;0.006871;0.006875;01.07.2025 22:23
72;0.006867;0.006871;0.006867;0.006871;01.07.2025 22:24
1817;0.006862;0.006866;0.006818;0.006865;01.07.2025 22:25
7;0.006868;0.006868;0.006868;0.006868;01.07.2025 22:26
90;0.006868;0.006868;0.006863;0.006864;01.07.2025 22:27
127;0.00686;0.006866;0.00686;0.006863;01.07.2025 22:28
126;0.00685;0.006863;0.00685;0.006857;01.07.2025 22:29
335;0.006837;0.006862;0.006837;0.006847;01.07.2025 22:30
40;0.006845;0.00685;0.006831;0.00685;01.07.2025 22:31
4;0.00684;0.006844;0.00684;0.006844;01.07.2025 22:32
1598;0.00683;0.00684;0.006792;0.00684;01.07.2025 22:33
137;0.006825;0.006826;0.006822;0.006826;01.07.2025 22:34
10;0.006825;0.006825;0.006825;0.006825;01.07.2025 22:35
181;0.006818;0.006819;0.006808;0.006818;01.07.2025 22:36
649;0.00679;0.006814;0.006789;0.006814;01.07.2025 22:37
1718;0.006799;0.0068;0.00679;0.00679;01.07.2025 22:38
804;0.006815;0.006815;0.006799;0.006799;01.07.2025 22:39
74;0.00682;0.00682;0.006814;0.006814;01.07.2025 22:41
44;0.00681;0.00681;0.00681;0.00681;01.07.2025 22:42
5;0.006811;0.006811;0.006811;0.006811;01.07.2025 22:45
15;0.006815;0.006815;0.006813;0.006813;01.07.2025 22:46
31;0.00681;0.006811;0.00681;0.006811;01.07.2025 22:49
32;0.00681;0.006811;0.00681;0.006811;01.07.2025 22:50
11;0.00681;0.00681;0.00681;0.00681;01.07.2025 22:51
5;0.006807;0.006807;0.006807;0.006807;01.07.2025 22:55
300;0.006815;0.006815;0.006807;0.006807;01.07.2025 22:56
1099;0.006809;0.00681;0.006782;0.00681;01.07.2025 22:58
140;0.006793;0.006798;0.006786;0.006798;01.07.2025 23:02
15;0.006793;0.006793;0.006793;0.006793;01.07.2025 23:03
281;0.006799;0.006799;0.006792;0.006793;01.07.2025 23:05
59;0.006786;0.006786;0.006786;0.006786;01.07.2025 23:06
10;0.00679;0.00679;0.00679;0.00679;01.07.2025 23:08
84;0.006783;0.006783;0.006783;0.006783;01.07.2025 23:10
851;0.00679;0.00679;0.006778;0.006783;01.07.2025 23:11
992;0.006783;0.006795;0.006767;0.006778;01.07.2025 23:12
2029;0.006768;0.006782;0.006767;0.006782;01.07.2025 23:13
17;0.006768;0.006772;0.006768;0.006772;01.07.2025 23:14
34;0.006771;0.006771;0.006768;0.006769;01.07.2025 23:15
508;0.006767;0.006768;0.006767;0.006768;01.07.2025 23:16
56;0.006753;0.00676;0.006751;0.006751;01.07.2025 23:17
754;0.00674;0.00676;0.006736;0.006759;01.07.2025 23:18
267;0.00674;0.00675;0.006735;0.00675;01.07.2025 23:19
36;0.006747;0.006747;0.00674;0.00674;01.07.2025 23:20
205;0.006754;0.006754;0.006748;0.006748;01.07.2025 23:21
35;0.006754;0.006754;0.00675;0.00675;01.07.2025 23:22
105;0.006754;0.006754;0.006754;0.006754;01.07.2025 23:23
212;0.00677;0.006771;0.006753;0.006753;01.07.2025 23:24
769;0.006731;0.006765;0.006702;0.006764;01.07.2025 23:25
552;0.006714;0.006717;0.0067;0.006707;01.07.2025 23:26
291;0.006688;0.006704;0.006688;0.0067;01.07.2025 23:27
98;0.006706;0.006707;0.006688;0.006688;01.07.2025 23:28
23;0.006701;0.006701;0.006701;0.006701;01.07.2025 23:31
595;0.006696;0.006708;0.006696;0.006701;01.07.2025 23:32
172;0.006697;0.006709;0.006697;0.006709;01.07.2025 23:33
316;0.00668;0.006708;0.00668;0.006694;01.07.2025 23:34
4278;0.006652;0.006692;0.006621;0.00669;01.07.2025 23:35
2067;0.006632;0.006654;0.0066;0.006654;01.07.2025 23:36
46;0.006628;0.006631;0.006624;0.006624;01.07.2025 23:37
149;0.006624;0.006624;0.00661;0.006612;01.07.2025 23:38
172;0.006614;0.006624;0.006614;0.006624;01.07.2025 23:39
209;0.006615;0.006615;0.00661;0.006611;01.07.2025 23:40
455;0.006622;0.006628;0.00661;0.006619;01.07.2025 23:41
19;0.00661;0.006614;0.00661;0.006614;01.07.2025 23:42
537;0.006605;0.006628;0.006602;0.006611;01.07.2025 23:43
60;0.006608;0.006617;0.006608;0.006617;01.07.2025 23:44
283;0.006616;0.006625;0.006609;0.006619;01.07.2025 23:45
602;0.006629;0.006635;0.006616;0.006623;01.07.2025 23:46
287;0.006629;0.006629;0.006613;0.006627;01.07.2025 23:47
171;0.006625;0.006625;0.006614;0.006614;01.07.2025 23:48
497;0.006621;0.006633;0.006621;0.006622;01.07.2025 23:49
55;0.006613;0.006614;0.006613;0.006614;01.07.2025 23:50
231;0.00662;0.006622;0.00662;0.006621;01.07.2025 23:51
229;0.006625;0.006625;0.006615;0.006616;01.07.2025 23:52
141;0.006623;0.006623;0.006616;0.006617;01.07.2025 23:53
4;0.006623;0.006623;0.006623;0.006623;01.07.2025 23:54
131;0.006614;0.006624;0.006614;0.006623;01.07.2025 23:55
541;0.006614;0.006624;0.006601;0.006624;01.07.2025 23:56
568;0.00661;0.006612;0.0066;0.006607;01.07.2025 23:57
2290;0.006602;0.006602;0.0066;0.0066;01.07.2025 23:58
402;0.006586;0.006603;0.006586;0.006602;01.07.2025 23:59
408;0.006595;0.006597;0.006574;0.006586;02.07.2025 00:00
37;0.006596;0.006596;0.006593;0.006595;02.07.2025 00:01
365;0.006591;0.006602;0.006591;0.006594;02.07.2025 00:02
554;0.006615;0.006627;0.006601;0.006601;02.07.2025 00:03
388;0.006608;0.006628;0.0066;0.006627;02.07.2025 00:04
169;0.006587;0.006608;0.006587;0.0066;02.07.2025 00:05
567;0.006573;0.006587;0.006553;0.006587;02.07.2025 00:06
415;0.006555;0.00657;0.006547;0.00657;02.07.2025 00:07
775;0.00651;0.006555;0.00651;0.006538;02.07.2025 00:08
796;0.006504;0.006522;0.006504;0.006518;02.07.2025 00:09
206;0.006539;0.00654;0.00652;0.00652;02.07.2025 00:10
293;0.006514;0.006529;0.006514;0.006529;02.07.2025 00:11
30;0.006514;0.006522;0.006514;0.006514;02.07.2025 00:12
489;0.006502;0.006517;0.006502;0.006514;02.07.2025 00:13
382;0.006505;0.006518;0.006501;0.006502;02.07.2025 00:14
154;0.006511;0.006512;0.006503;0.006503;02.07.2025 00:15
149;0.006505;0.006515;0.006503;0.006515;02.07.2025 00:16
537;0.006501;0.006507;0.006501;0.006505;02.07.2025 00:17
265;0.006502;0.006512;0.006501;0.00651;02.07.2025 00:18
398;0.006512;0.006512;0.006501;0.006505;02.07.2025 00:19
590;0.006502;0.006512;0.006501;0.006502;02.07.2025 00:20
391;0.006501;0.006511;0.006501;0.006502;02.07.2025 00:21
141;0.006511;0.006511;0.006502;0.00651;02.07.2025 00:22
3909;0.006484;0.006512;0.006455;0.006501;02.07.2025 00:23
7380;0.006353;0.006475;0.006328;0.006475;02.07.2025 00:24
1067;0.006374;0.00641;0.006354;0.006366;02.07.2025 00:25
1266;0.006384;0.006385;0.006359;0.006362;02.07.2025 00:26
389;0.006355;0.006368;0.006355;0.006367;02.07.2025 00:27
1295;0.006374;0.006377;0.006359;0.006367;02.07.2025 00:28
449;0.006392;0.006392;0.006373;0.006377;02.07.2025 00:29
449;0.00634;0.006391;0.00634;0.006391;02.07.2025 00:30
2451;0.006345;0.006345;0.006299;0.006339;02.07.2025 00:31
1623;0.006345;0.006353;0.006317;0.006346;02.07.2025 00:32
1455;0.006356;0.0064;0.006345;0.006345;02.07.2025 00:33
181;0.006341;0.006368;0.006341;0.006351;02.07.2025 00:34
47;0.006362;0.006362;0.006362;0.006362;02.07.2025 00:35
312;0.006352;0.006352;0.006345;0.006352;02.07.2025 00:36
215;0.006351;0.006352;0.00635;0.006351;02.07.2025 00:37
361;0.006366;0.006368;0.006347;0.006352;02.07.2025 00:38
382;0.006353;0.006366;0.006346;0.006366;02.07.2025 00:39
3467;0.006407;0.006411;0.006355;0.006355;02.07.2025 00:40
1403;0.006432;0.006455;0.006404;0.006407;02.07.2025 00:41
568;0.006436;0.006443;0.006423;0.006437;02.07.2025 00:42
210;0.006451;0.006451;0.006446;0.006446;02.07.2025 00:43
322;0.006405;0.00642;0.0064;0.00642;02.07.2025 00:44
348;0.006425;0.006435;0.006409;0.006409;02.07.2025 00:45
885;0.006372;0.006426;0.006316;0.006426;02.07.2025 00:46
2427;0.006412;0.006421;0.006361;0.006361;02.07.2025 00:47
432;0.00641;0.006423;0.006393;0.006414;02.07.2025 00:48
983;0.006428;0.006431;0.006408;0.006408;02.07.2025 00:49
451;0.006411;0.006432;0.006411;0.006423;02.07.2025 00:50
18;0.006414;0.006414;0.006413;0.006414;02.07.2025 00:51
148;0.006404;0.006413;0.006403;0.006413;02.07.2025 00:52
116;0.006413;0.006413;0.006409;0.00641;02.07.2025 00:53
763;0.006463;0.006472;0.006413;0.006413;02.07.2025 00:54
1569;0.006465;0.006479;0.006447;0.006463;02.07.2025 00:55
54;0.006452;0.006468;0.006452;0.006453;02.07.2025 00:56
228;0.006445;0.00646;0.006445;0.00646;02.07.2025 00:57
2072;0.006391;0.00646;0.006391;0.006438;02.07.2025 00:58
64;0.006386;0.006402;0.00638;0.006402;02.07.2025 00:59
542;0.006407;0.006407;0.006382;0.006392;02.07.2025 01:00
20;0.00638;0.006399;0.00638;0.006399;02.07.2025 01:01
766;0.006325;0.006386;0.006325;0.00638;02.07.2025 01:02
1102;0.006329;0.006339;0.00631;0.006322;02.07.2025 01:03
772;0.006318;0.006318;0.00631;0.006315;02.07.2025 01:04
277;0.0063;0.006312;0.0063;0.006312;02.07.2025 01:05
953;0.006285;0.006312;0.006285;0.006311;02.07.2025 01:06
517;0.006283;0.0063;0.006282;0.006296;02.07.2025 01:07
859;0.006285;0.006291;0.006267;0.006281;02.07.2025 01:08
591;0.00629;0.006312;0.00629;0.006294;02.07.2025 01:09
107;0.006283;0.006305;0.006283;0.006305;02.07.2025 01:10
675;0.006267;0.006286;0.006256;0.006283;02.07.2025 01:11
977;0.006254;0.006273;0.006254;0.006261;02.07.2025 01:12
505;0.006258;0.006275;0.006254;0.006255;02.07.2025 01:13
1927;0.00625;0.006256;0.00625;0.006255;02.07.2025 01:14
413;0.00625;0.006257;0.006241;0.006255;02.07.2025 01:15
3174;0.006221;0.006246;0.006209;0.006246;02.07.2025 01:16
4395;0.00615;0.006226;0.00615;0.006218;02.07.2025 01:17
743;0.006149;0.006163;0.006134;0.006161;02.07.2025 01:18
1725;0.006115;0.006148;0.006101;0.006138;02.07.2025 01:19
9666;0.006006;0.00612;0.006006;0.006109;02.07.2025 01:20
5854;0.006004;0.006025;0.005955;0.006006;02.07.2025 01:21
3171;0.006023;0.006045;0.005984;0.005985;02.07.2025 01:22
1279;0.006035;0.00604;0.006019;0.00602;02.07.2025 01:23
400;0.005997;0.006041;0.005997;0.006041;02.07.2025 01:24
626;0.006003;0.00601;0.005973;0.005988;02.07.2025 01:25
2648;0.006038;0.006041;0.006001;0.006005;02.07.2025 01:26
5950;0.006163;0.006173;0.00602;0.006038;02.07.2025 01:27
3796;0.00612;0.006174;0.006043;0.006163;02.07.2025 01:28
2188;0.006176;0.006214;0.00613;0.00613;02.07.2025 01:29
2083;0.006207;0.006221;0.006184;0.006184;02.07.2025 01:30
2073;0.006254;0.006254;0.006197;0.006208;02.07.2025 01:31
834;0.006226;0.006261;0.006226;0.006248;02.07.2025 01:32
2160;0.006257;0.006262;0.006181;0.006226;02.07.2025 01:33
932;0.006271;0.006271;0.00624;0.006256;02.07.2025 01:34
1114;0.006271;0.00629;0.006254;0.006254;02.07.2025 01:35
695;0.00628;0.006282;0.006265;0.00627;02.07.2025 01:36
1181;0.006174;0.006272;0.006152;0.006272;02.07.2025 01:37
1227;0.006187;0.006225;0.006161;0.006181;02.07.2025 01:38
468;0.006194;0.006211;0.006193;0.006195;02.07.2025 01:39
490;0.006207;0.006218;0.006182;0.006194;02.07.2025 01:40
246;0.00618;0.006207;0.00618;0.006207;02.07.2025 01:41
492;0.006178;0.006199;0.006178;0.00618;02.07.2025 01:42
105;0.006186;0.006204;0.006186;0.006204;02.07.2025 01:43
2536;0.006105;0.006199;0.006092;0.006186;02.07.2025 01:44
1574;0.006112;0.00615;0.006099;0.006107;02.07.2025 01:45
646;0.00613;0.00613;0.006111;0.006112;02.07.2025 01:46
1677;0.006113;0.006152;0.006113;0.006134;02.07.2025 01:47
1578;0.00611;0.006125;0.006085;0.006113;02.07.2025 01:48
22;0.006106;0.006125;0.006106;0.006125;02.07.2025 01:49
458;0.006101;0.00613;0.006101;0.006106;02.07.2025 01:50
249;0.006102;0.006115;0.006101;0.006114;02.07.2025 01:51
894;0.0061;0.006101;0.0061;0.006101;02.07.2025 01:52
408;0.006101;0.006118;0.0061;0.0061;02.07.2025 01:53
470;0.00612;0.006124;0.006101;0.006101;02.07.2025 01:54
158;0.006101;0.006108;0.006101;0.006108;02.07.2025 01:55
522;0.006111;0.006111;0.006109;0.006109;02.07.2025 01:56
726;0.006126;0.006131;0.006103;0.00611;02.07.2025 01:57
178;0.006125;0.006125;0.006124;0.006124;02.07.2025 01:58
138;0.00614;0.006141;0.00614;0.006141;02.07.2025 01:59
227;0.006125;0.00614;0.006125;0.00614;02.07.2025 02:00
814;0.00612;0.006141;0.00612;0.006124;02.07.2025 02:01
881;0.00612;0.00613;0.006103;0.006112;02.07.2025 02:02
494;0.006135;0.006135;0.006116;0.006131;02.07.2025 02:03
5352;0.006046;0.006133;0.006034;0.00613;02.07.2025 02:04
3597;0.006015;0.006062;0.006001;0.006046;02.07.2025 02:05
1420;0.006037;0.006054;0.006001;0.006005;02.07.2025 02:06
233;0.006024;0.006038;0.006022;0.006032;02.07.2025 02:07
1557;0.006037;0.006049;0.006016;0.006037;02.07.2025 02:08
2603;0.006065;0.006069;0.006023;0.006025;02.07.2025 02:09
1652;0.006098;0.006098;0.00605;0.006065;02.07.2025 02:10
3138;0.006057;0.006137;0.006056;0.006098;02.07.2025 02:11
5141;0.006;0.006077;0.005952;0.006057;02.07.2025 02:12
1504;0.006021;0.006049;0.005999;0.006004;02.07.2025 02:13
661;0.006017;0.006041;0.006012;0.006021;02.07.2025 02:14
4581;0.006025;0.006025;0.00598;0.006017;02.07.2025 02:15
476;0.006011;0.006025;0.00601;0.006025;02.07.2025 02:16
967;0.006002;0.006025;0.006;0.006024;02.07.2025 02:17
5360;0.005979;0.006006;0.005956;0.006001;02.07.2025 02:18
1774;0.005981;0.00599;0.005967;0.005979;02.07.2025 02:19
1089;0.005964;0.005984;0.005953;0.005968;02.07.2025 02:20
1114;0.00598;0.006;0.00595;0.005951;02.07.2025 02:21
3192;0.005945;0.005987;0.005914;0.005987;02.07.2025 02:22
20955;0.005826;0.005955;0.005775;0.005945;02.07.2025 02:23
5155;0.005784;0.00591;0.005758;0.00581;02.07.2025 02:24
7550;0.005796;0.005822;0.0057;0.005773;02.07.2025 02:25
4043;0.005818;0.00586;0.005774;0.005796;02.07.2025 02:26
5525;0.005889;0.005889;0.005786;0.0058;02.07.2025 02:27
5218;0.00584;0.005894;0.00583;0.005876;02.07.2025 02:28
15587;0.00575;0.00585;0.0057;0.005832;02.07.2025 02:29
30836;0.005765;0.006015;0.005715;0.005748;02.07.2025 02:30
